[{ "abbr": "AL", "name": "Alabama" }, { "abbr": "AK", "name": "Alaska" }, { "abbr": "AZ", "name": "Arizona" }, { "abbr": "AR", "name": "Arkansas" }, { "abbr": "CA", "name": "California" }, { "abbr": "CO", "name": "Colorado" }, { "abbr": "CT", "name": "Connecticut" }, { "abbr": "DE", "name": "Delaware" }, { "abbr": "FL", "name": "Florida" }, { "abbr": "GA", "name": "Georgia" }, { "abbr": "HI", "name": "Hawaii" }, { "abbr": "ID", "name": "Idaho" }, { "abbr": "IL", "name": "Illinois" }, { "abbr": "IN", "name": "Indiana" }, { "abbr": "IA", "name": "Iowa" }, { "abbr": "KS", "name": "Kansas" }, { "abbr": "KY", "name": "Kentucky" }, { "abbr": "LA", "name": "Louisiana" }, { "abbr": "ME", "name": "Maine" }, { "abbr": "MD", "name": "Maryland" }, { "abbr": "MA", "name": "Massachusetts" }, { "abbr": "MI", "name": "Michigan" }, { "abbr": "MN", "name": "Minnesota" }, { "abbr": "MS", "name": "Mississippi" }, { "abbr": "MO", "name": "Missouri" }, { "abbr": "MT", "name": "Montana" }, { "abbr": "NE", "name": "Nebraska" }, { "abbr": "NV", "name": "Nevada" }, { "abbr": "NH", "name": "New Hampshire" }, { "abbr": "NJ", "name": "New Jersey" }, { "abbr": "NM", "name": "New Mexico" }, { "abbr": "NY", "name": "New York" }, { "abbr": "NC", "name": "North Carolina" }, { "abbr": "ND", "name": "North Dakota" }, { "abbr": "OH", "name": "Ohio" }, { "abbr": "OK", "name": "Oklahoma" }, { "abbr": "OR", "name": "Oregon" }, { "abbr": "PA", "name": "Pennsylvania" }, { "abbr": "RI", "name": "Rhode Island" }, { "abbr": "SC", "name": "South Carolina" }, { "abbr": "SD", "name": "South Dakota" }, { "abbr": "TN", "name": "Tennessee" }, { "abbr": "TX", "name": "Texas" }, { "abbr": "UT", "name": "Utah" }, { "abbr": "VT", "name": "Vermont" }, { "abbr": "VA", "name": "Virginia" }, { "abbr": "WA", "name": "Washington" }, { "abbr": "WV", "name": "West Virginia" }, { "abbr": "WI", "name": "Wisconsin" }, { "abbr": "WY", "name": "Wyoming" }, { "abbr": "AS", "name": "American Samoa", "type": "territory" }, { "abbr": "DC", "name": "District of Columbia", "type": "territory" }, { "abbr": "FM", "name": "Federated States of Micronesia", "type": "territory" }, { "abbr": "GU", "name": "Guam", "type": "territory" }, { "abbr": "MH", "name": "Marshall Islands", "type": "territory" }, { "abbr": "MP", "name": "Northern Mariana Islands", "type": "territory" }, { "abbr": "PW", "name": "Palau", "type": "territory" }, { "abbr": "PR", "name": "Puerto Rico", "type": "territory" }, { "abbr": "VI", "name": "Virgin Islands", "type": "territory" }, { "abbr": "AE", "name": "Armed Forces Africa", "type": "military" }, { "abbr": "AA", "name": "Armed Forces Americas", "type": "military" }, { "abbr": "AE", "name": "Armed Forces Canada", "type": "military" }, { "abbr": "AE", "name": "Armed Forces Europe", "type": "military" }, { "abbr": "AE", "name": "Armed Forces Middle East", "type": "military" }, { "abbr": "AP", "name": "Armed Forces Pacific", "type": "military" }]